"gene","GOID","Term"
"CALM1","GO:0034705","potassium channel complex"
"CALM3","GO:0034705","potassium channel complex"
"DLG2","GO:0034705","potassium channel complex"
"DLG4","GO:0034705","potassium channel complex"
"DPP6","GO:0034705","potassium channel complex"
"CTTN","GO:0034705","potassium channel complex"
"GRIK1","GO:0034705","potassium channel complex"
"GRIK2","GO:0034705","potassium channel complex"
"GRIK3","GO:0034705","potassium channel complex"
"GRIK4","GO:0034705","potassium channel complex"
"GRIK5","GO:0034705","potassium channel complex"
"KCNA1","GO:0034705","potassium channel complex"
"KCNA2","GO:0034705","potassium channel complex"
"KCNA3","GO:0034705","potassium channel complex"
"KCNB1","GO:0034705","potassium channel complex"
"KCNC1","GO:0034705","potassium channel complex"
"KCNC2","GO:0034705","potassium channel complex"
"KCNC3","GO:0034705","potassium channel complex"
"KCNC4","GO:0034705","potassium channel complex"
"KCND1","GO:0034705","potassium channel complex"
"KCND2","GO:0034705","potassium channel complex"
"KCND3","GO:0034705","potassium channel complex"
"KCNG1","GO:0034705","potassium channel complex"
"KCNH1","GO:0034705","potassium channel complex"
"KCNH2","GO:0034705","potassium channel complex"
"KCNJ2","GO:0034705","potassium channel complex"
"KCNJ3","GO:0034705","potassium channel complex"
"KCNJ4","GO:0034705","potassium channel complex"
"KCNJ5","GO:0034705","potassium channel complex"
"KCNJ6","GO:0034705","potassium channel complex"
"KCNJ14","GO:0034705","potassium channel complex"
"KCNJ16","GO:0034705","potassium channel complex"
"KCNK1","GO:0034705","potassium channel complex"
"KCNK2","GO:0034705","potassium channel complex"
"KCNMA1","GO:0034705","potassium channel complex"
"KCNMB1","GO:0034705","potassium channel complex"
"KCNN1","GO:0034705","potassium channel complex"
"KCNN4","GO:0034705","potassium channel complex"
"KCNQ1","GO:0034705","potassium channel complex"
"KCNQ3","GO:0034705","potassium channel complex"
"KCNS1","GO:0034705","potassium channel complex"
"KCNS2","GO:0034705","potassium channel complex"
"KCNS3","GO:0034705","potassium channel complex"
"SNAP25","GO:0034705","potassium channel complex"
"ABCC8","GO:0034705","potassium channel complex"
"KCNAB1","GO:0034705","potassium channel complex"
"KCNAB2","GO:0034705","potassium channel complex"
"KCNQ4","GO:0034705","potassium channel complex"
"KCNAB3","GO:0034705","potassium channel complex"
"KCNK6","GO:0034705","potassium channel complex"
"KCNE3","GO:0034705","potassium channel complex"
"HCN4","GO:0034705","potassium channel complex"
"KCNMB2","GO:0034705","potassium channel complex"
"ABCB8","GO:0034705","potassium channel complex"
"KCNH4","GO:0034705","potassium channel complex"
"KCNE4","GO:0034705","potassium channel complex"
"CNTNAP2","GO:0034705","potassium channel complex"
"KCNV1","GO:0034705","potassium channel complex"
"KCNMB3","GO:0034705","potassium channel complex"
"KCNH5","GO:0034705","potassium channel complex"
"KCNMB4","GO:0034705","potassium channel complex"
"KCNIP3","GO:0034705","potassium channel complex"
"KCNIP2","GO:0034705","potassium channel complex"
"KCNIP1","GO:0034705","potassium channel complex"
"KCNQ5","GO:0034705","potassium channel complex"
"AMIGO1","GO:0034705","potassium channel complex"
"DPP10","GO:0034705","potassium channel complex"
"HCN3","GO:0034705","potassium channel complex"
"CCDC51","GO:0034705","potassium channel complex"
"KCNIP4","GO:0034705","potassium channel complex"
"KCNG4","GO:0034705","potassium channel complex"
"LRRC38","GO:0034705","potassium channel complex"
"KCNV2","GO:0034705","potassium channel complex"
"KCNG3","GO:0034705","potassium channel complex"
"LRRC55","GO:0034705","potassium channel complex"
"HCN1","GO:0034705","potassium channel complex"
"LRRC26","GO:0034705","potassium channel complex"
"LRRC52","GO:0034705","potassium channel complex"
"CALM1","GO:0008076","voltage-gated potassium channel complex"
"CALM3","GO:0008076","voltage-gated potassium channel complex"
"DLG2","GO:0008076","voltage-gated potassium channel complex"
"DLG4","GO:0008076","voltage-gated potassium channel complex"
"DPP6","GO:0008076","voltage-gated potassium channel complex"
"CTTN","GO:0008076","voltage-gated potassium channel complex"
"KCNA1","GO:0008076","voltage-gated potassium channel complex"
"KCNA2","GO:0008076","voltage-gated potassium channel complex"
"KCNA3","GO:0008076","voltage-gated potassium channel complex"
"KCNB1","GO:0008076","voltage-gated potassium channel complex"
"KCNC1","GO:0008076","voltage-gated potassium channel complex"
"KCNC2","GO:0008076","voltage-gated potassium channel complex"
"KCNC3","GO:0008076","voltage-gated potassium channel complex"
"KCNC4","GO:0008076","voltage-gated potassium channel complex"
"KCND1","GO:0008076","voltage-gated potassium channel complex"
"KCND2","GO:0008076","voltage-gated potassium channel complex"
"KCND3","GO:0008076","voltage-gated potassium channel complex"
"KCNG1","GO:0008076","voltage-gated potassium channel complex"
"KCNH1","GO:0008076","voltage-gated potassium channel complex"
"KCNH2","GO:0008076","voltage-gated potassium channel complex"
"KCNJ2","GO:0008076","voltage-gated potassium channel complex"
"KCNJ3","GO:0008076","voltage-gated potassium channel complex"
"KCNJ4","GO:0008076","voltage-gated potassium channel complex"
"KCNJ5","GO:0008076","voltage-gated potassium channel complex"
"KCNJ6","GO:0008076","voltage-gated potassium channel complex"
"KCNJ14","GO:0008076","voltage-gated potassium channel complex"
"KCNJ16","GO:0008076","voltage-gated potassium channel complex"
"KCNK1","GO:0008076","voltage-gated potassium channel complex"
"KCNK2","GO:0008076","voltage-gated potassium channel complex"
"KCNMA1","GO:0008076","voltage-gated potassium channel complex"
"KCNMB1","GO:0008076","voltage-gated potassium channel complex"
"KCNN1","GO:0008076","voltage-gated potassium channel complex"
"KCNN4","GO:0008076","voltage-gated potassium channel complex"
"KCNQ1","GO:0008076","voltage-gated potassium channel complex"
"KCNQ3","GO:0008076","voltage-gated potassium channel complex"
"KCNS1","GO:0008076","voltage-gated potassium channel complex"
"KCNS2","GO:0008076","voltage-gated potassium channel complex"
"KCNS3","GO:0008076","voltage-gated potassium channel complex"
"SNAP25","GO:0008076","voltage-gated potassium channel complex"
"KCNAB1","GO:0008076","voltage-gated potassium channel complex"
"KCNAB2","GO:0008076","voltage-gated potassium channel complex"
"KCNQ4","GO:0008076","voltage-gated potassium channel complex"
"KCNAB3","GO:0008076","voltage-gated potassium channel complex"
"KCNK6","GO:0008076","voltage-gated potassium channel complex"
"KCNE3","GO:0008076","voltage-gated potassium channel complex"
"HCN4","GO:0008076","voltage-gated potassium channel complex"
"KCNMB2","GO:0008076","voltage-gated potassium channel complex"
"KCNH4","GO:0008076","voltage-gated potassium channel complex"
"KCNE4","GO:0008076","voltage-gated potassium channel complex"
"CNTNAP2","GO:0008076","voltage-gated potassium channel complex"
"KCNV1","GO:0008076","voltage-gated potassium channel complex"
"KCNMB3","GO:0008076","voltage-gated potassium channel complex"
"KCNH5","GO:0008076","voltage-gated potassium channel complex"
"KCNMB4","GO:0008076","voltage-gated potassium channel complex"
"KCNIP3","GO:0008076","voltage-gated potassium channel complex"
"KCNIP2","GO:0008076","voltage-gated potassium channel complex"
"KCNIP1","GO:0008076","voltage-gated potassium channel complex"
"KCNQ5","GO:0008076","voltage-gated potassium channel complex"
"AMIGO1","GO:0008076","voltage-gated potassium channel complex"
"DPP10","GO:0008076","voltage-gated potassium channel complex"
"HCN3","GO:0008076","voltage-gated potassium channel complex"
"KCNIP4","GO:0008076","voltage-gated potassium channel complex"
"KCNG4","GO:0008076","voltage-gated potassium channel complex"
"LRRC38","GO:0008076","voltage-gated potassium channel complex"
"KCNV2","GO:0008076","voltage-gated potassium channel complex"
"KCNG3","GO:0008076","voltage-gated potassium channel complex"
"LRRC55","GO:0008076","voltage-gated potassium channel complex"
"HCN1","GO:0008076","voltage-gated potassium channel complex"
"LRRC26","GO:0008076","voltage-gated potassium channel complex"
"LRRC52","GO:0008076","voltage-gated potassium channel complex"
"GRIK1","GO:0034706","sodium channel complex"
"GRIK2","GO:0034706","sodium channel complex"
"GRIK3","GO:0034706","sodium channel complex"
"GRIK4","GO:0034706","sodium channel complex"
"GRIK5","GO:0034706","sodium channel complex"
"SCN1B","GO:0034706","sodium channel complex"
"SCN2B","GO:0034706","sodium channel complex"
"SCN3A","GO:0034706","sodium channel complex"
"SCN4A","GO:0034706","sodium channel complex"
"SCN4B","GO:0034706","sodium channel complex"
"SCN5A","GO:0034706","sodium channel complex"
"SCN8A","GO:0034706","sodium channel complex"
"SCN9A","GO:0034706","sodium channel complex"
"SCN10A","GO:0034706","sodium channel complex"
"SCNN1A","GO:0034706","sodium channel complex"
"SCNN1B","GO:0034706","sodium channel complex"
"SCNN1G","GO:0034706","sodium channel complex"
"SCN11A","GO:0034706","sodium channel complex"
"SCN3B","GO:0034706","sodium channel complex"
"SCN1B","GO:0001518","voltage-gated sodium channel complex"
"SCN2B","GO:0001518","voltage-gated sodium channel complex"
"SCN3A","GO:0001518","voltage-gated sodium channel complex"
"SCN4A","GO:0001518","voltage-gated sodium channel complex"
"SCN4B","GO:0001518","voltage-gated sodium channel complex"
"SCN5A","GO:0001518","voltage-gated sodium channel complex"
"SCN8A","GO:0001518","voltage-gated sodium channel complex"
"SCN9A","GO:0001518","voltage-gated sodium channel complex"
"SCN10A","GO:0001518","voltage-gated sodium channel complex"
"SCN11A","GO:0001518","voltage-gated sodium channel complex"
"SCN3B","GO:0001518","voltage-gated sodium channel complex"
"ASPH","GO:0034704","calcium channel complex"
"ATP2A1","GO:0034704","calcium channel complex"
"CACNA1A","GO:0034704","calcium channel complex"
"CACNA1B","GO:0034704","calcium channel complex"
"CACNA1C","GO:0034704","calcium channel complex"
"CACNA1D","GO:0034704","calcium channel complex"
"CACNA1E","GO:0034704","calcium channel complex"
"CACNA1F","GO:0034704","calcium channel complex"
"CACNA1S","GO:0034704","calcium channel complex"
"CACNA2D1","GO:0034704","calcium channel complex"
"CACNB1","GO:0034704","calcium channel complex"
"CACNB3","GO:0034704","calcium channel complex"
"CACNB4","GO:0034704","calcium channel complex"
"CACNG1","GO:0034704","calcium channel complex"
"CALM1","GO:0034704","calcium channel complex"
"CALM3","GO:0034704","calcium channel complex"
"CASQ2","GO:0034704","calcium channel complex"
"FKBP1B","GO:0034704","calcium channel complex"
"PDE4B","GO:0034704","calcium channel complex"
"PDE4D","GO:0034704","calcium channel complex"
"PRKACA","GO:0034704","calcium channel complex"
"RYR2","GO:0034704","calcium channel complex"
"RYR3","GO:0034704","calcium channel complex"
"TRPC4","GO:0034704","calcium channel complex"
"TRPC5","GO:0034704","calcium channel complex"
"CACNA1I","GO:0034704","calcium channel complex"
"CACNA1H","GO:0034704","calcium channel complex"
"CACNA1G","GO:0034704","calcium channel complex"
"PKD2L1","GO:0034704","calcium channel complex"
"CACNA2D2","GO:0034704","calcium channel complex"
"AKAP6","GO:0034704","calcium channel complex"
"MICU1","GO:0034704","calcium channel complex"
"CACNG3","GO:0034704","calcium channel complex"
"CACNG2","GO:0034704","calcium channel complex"
"CACNG4","GO:0034704","calcium channel complex"
"TRPV6","GO:0034704","calcium channel complex"
"CACNA2D3","GO:0034704","calcium channel complex"
"CACHD1","GO:0034704","calcium channel complex"
"CACNG8","GO:0034704","calcium channel complex"
"CACNG7","GO:0034704","calcium channel complex"
"CATSPERB","GO:0034704","calcium channel complex"
"MCU","GO:0034704","calcium channel complex"
"SESTD1","GO:0034704","calcium channel complex"
"SMDT1","GO:0034704","calcium channel complex"
"CACNA2D4","GO:0034704","calcium channel complex"
"CATSPER1","GO:0034704","calcium channel complex"
"MICU2","GO:0034704","calcium channel complex"
"STAC3","GO:0034704","calcium channel complex"
"EFCAB9","GO:0034704","calcium channel complex"
"MICU3","GO:0034704","calcium channel complex"
"CATSPER3","GO:0034704","calcium channel complex"
"CATSPER4","GO:0034704","calcium channel complex"
"CACNA1A","GO:0005891","voltage-gated calcium channel complex"
"CACNA1B","GO:0005891","voltage-gated calcium channel complex"
"CACNA1C","GO:0005891","voltage-gated calcium channel complex"
"CACNA1D","GO:0005891","voltage-gated calcium channel complex"
"CACNA1E","GO:0005891","voltage-gated calcium channel complex"
"CACNA1F","GO:0005891","voltage-gated calcium channel complex"
"CACNA1S","GO:0005891","voltage-gated calcium channel complex"
"CACNA2D1","GO:0005891","voltage-gated calcium channel complex"
"CACNB1","GO:0005891","voltage-gated calcium channel complex"
"CACNB3","GO:0005891","voltage-gated calcium channel complex"
"CACNB4","GO:0005891","voltage-gated calcium channel complex"
"CACNG1","GO:0005891","voltage-gated calcium channel complex"
"PDE4B","GO:0005891","voltage-gated calcium channel complex"
"PDE4D","GO:0005891","voltage-gated calcium channel complex"
"CACNA1I","GO:0005891","voltage-gated calcium channel complex"
"CACNA1H","GO:0005891","voltage-gated calcium channel complex"
"CACNA1G","GO:0005891","voltage-gated calcium channel complex"
"CACNA2D2","GO:0005891","voltage-gated calcium channel complex"
"CACNG3","GO:0005891","voltage-gated calcium channel complex"
"CACNG2","GO:0005891","voltage-gated calcium channel complex"
"CACNG4","GO:0005891","voltage-gated calcium channel complex"
"CACNA2D3","GO:0005891","voltage-gated calcium channel complex"
"CACHD1","GO:0005891","voltage-gated calcium channel complex"
"CACNG8","GO:0005891","voltage-gated calcium channel complex"
"CACNG7","GO:0005891","voltage-gated calcium channel complex"
"CATSPERB","GO:0005891","voltage-gated calcium channel complex"
"CACNA2D4","GO:0005891","voltage-gated calcium channel complex"
"CATSPER1","GO:0005891","voltage-gated calcium channel complex"
"STAC3","GO:0005891","voltage-gated calcium channel complex"
"EFCAB9","GO:0005891","voltage-gated calcium channel complex"
"CATSPER3","GO:0005891","voltage-gated calcium channel complex"
"CATSPER4","GO:0005891","voltage-gated calcium channel complex"
"CFTR","GO:0034707","chloride channel complex"
"CLCN2","GO:0034707","chloride channel complex"
"CLCN7","GO:0034707","chloride channel complex"
"GABRA1","GO:0034707","chloride channel complex"
"GABRA2","GO:0034707","chloride channel complex"
"GABRA4","GO:0034707","chloride channel complex"
"GABRA5","GO:0034707","chloride channel complex"
"GABRA6","GO:0034707","chloride channel complex"
"GABRB2","GO:0034707","chloride channel complex"
"GABRB3","GO:0034707","chloride channel complex"
"GABRD","GO:0034707","chloride channel complex"
"GABRG2","GO:0034707","chloride channel complex"
"GABRG3","GO:0034707","chloride channel complex"
"GABRP","GO:0034707","chloride channel complex"
"GABRR2","GO:0034707","chloride channel complex"
"GLRA1","GO:0034707","chloride channel complex"
"GLRA2","GO:0034707","chloride channel complex"
"GLRB","GO:0034707","chloride channel complex"
"BEST1","GO:0034707","chloride channel complex"
"GLRA3","GO:0034707","chloride channel complex"
"CLIC3","GO:0034707","chloride channel complex"
"CLCC1","GO:0034707","chloride channel complex"
"OSTM1","GO:0034707","chloride channel complex"
"CLIC5","GO:0034707","chloride channel complex"
"CLIC6","GO:0034707","chloride channel complex"
"ANO1","GO:0034707","chloride channel complex"
"SLC17A7","GO:0034707","chloride channel complex"
"SLC17A6","GO:0034707","chloride channel complex"
"SLC26A6","GO:0034707","chloride channel complex"
"TTYH2","GO:0034707","chloride channel complex"
"BEST3","GO:0034707","chloride channel complex"
"ANO6","GO:0034707","chloride channel complex"
"GABRR3","GO:0034707","chloride channel complex"
"MFSD8","GO:0034707","chloride channel complex"
